SampleID	BarcodeSequence	BodySite	Diet	Phenotype	Group
#q2:types	categorical	categorical	categorical	categorical	categorical
D1CECUM	GTATCGTCGT	CECUM	AC	NL	AC_NL_CECUM
D2CECUM	GAGTGATCGT	CECUM	AC	NL	AC_NL_CECUM
D3CECUM	TGAGCGTGCT	CECUM	AC	NL	AC_NL_CECUM
D4CECUM	TGTGTGCATG	CECUM	AC	NL	AC_NL_CECUM
D5CECUM	TGTGCTCGCA	CECUM	AC	NL	AC_NL_CECUM
D6CECUM	GTATGAGCAC	CECUM	AC	NL	AC_NL_CECUM
D7CECUM	GTGTATGCGT	CECUM	AC	NL	AC_NL_CECUM
D8CECUM	CGCTATCAGT	CECUM	AC	NL	AC_NL_CECUM
D15CECUM	CATGTCGTCA	CECUM	AC	CKD	AC_CKD_CECUM
D16CECUM	GAGTGTCACT	CECUM	AC	CKD	AC_CKD_CECUM
D17CECUM	GATGCGAGCT	CECUM	AC	CKD	AC_CKD_CECUM
D18CECUM	CGAGTGCTGT	CECUM	AC	CKD	AC_CKD_CECUM
D19CECUM	TGCTCGTAGT	CECUM	AC	CKD	AC_CKD_CECUM
D20CECUM	CGCTGTAGTC	CECUM	AC	CKD	AC_CKD_CECUM
D21CECUM	TCAGTGTCTC	CECUM	AC	CKD	AC_CKD_CECUM
D22CECUM	CTAGTCTCGT	CECUM	AC	CKD	AC_CKD_CECUM
D29CECUM	CTGTACGTGA	CECUM	NAC	NL	NAC_NL_CECUM
D30CECUM	TATAGCACGC	CECUM	NAC	NL	NAC_NL_CECUM
D31CECUM	GTCGTCGTCT	CECUM	NAC	NL	NAC_NL_CECUM
D32CECUM	GCTAGTGAGT	CECUM	NAC	NL	NAC_NL_CECUM
D33CECUM	GTGCTCATGT	CECUM	NAC	NL	NAC_NL_CECUM
D34CECUM	GAGTGCATCT	CECUM	NAC	NL	NAC_NL_CECUM
D35CECUM	GCGATGATGA	CECUM	NAC	NL	NAC_NL_CECUM
D36CECUM	TCATGCGCGA	CECUM	NAC	NL	NAC_NL_CECUM
D43CECUM	GTGCGTGTGT	CECUM	NAC	CKD	NAC_CKD_CECUM
D44CECUM	GAGCTAGTGA	CECUM	NAC	CKD	NAC_CKD_CECUM
D45CECUM	CGTATCTCGA	CECUM	NAC	CKD	NAC_CKD_CECUM
D46CECUM	TGCGTAGTCG	CECUM	NAC	CKD	NAC_CKD_CECUM
D47CECUM	TGTCGAGTCA	CECUM	NAC	CKD	NAC_CKD_CECUM
D48CECUM	TATGCGCTGC	CECUM	NAC	CKD	NAC_CKD_CECUM
D49CECUM	GCGTCGTGTA	CECUM	NAC	CKD	NAC_CKD_CECUM
D50CECUM	CGTGCTGTCA	CECUM	NAC	CKD	NAC_CKD_CECUM
D1COLON	TGCTACATCA	COLON	AC	NL	AC_NL_COLON
D2COLON	TGATAGAGAG	COLON	AC	NL	AC_NL_COLON
D3COLON	CTCAGCAGTG	COLON	AC	NL	AC_NL_COLON
D4COLON	CAGAGCTAGT	COLON	AC	NL	AC_NL_COLON
D5COLON	CTGATGCAGA	COLON	AC	NL	AC_NL_COLON
D6COLON	ACGTATCATC	COLON	AC	NL	AC_NL_COLON
D7COLON	AGTGTGTCTA	COLON	AC	NL	AC_NL_COLON
D8COLON	GCTACTAGCG	COLON	AC	NL	AC_NL_COLON
D15COLON	CAGTCTACAT	COLON	AC	CKD	AC_CKD_COLON
D16COLON	CGCAGAGCAT	COLON	AC	CKD	AC_CKD_COLON
D17COLON	GTGACGTACG	COLON	AC	CKD	AC_CKD_COLON
D18COLON	AGTATCGTAC	COLON	AC	CKD	AC_CKD_COLON
D19COLON	TCATATCGCG	COLON	AC	CKD	AC_CKD_COLON
D20COLON	TGCGAGACGT	COLON	AC	CKD	AC_CKD_COLON
D21COLON	TACTGCAGCG	COLON	AC	CKD	AC_CKD_COLON
D22COLON	TGTACAGCGA	COLON	AC	CKD	AC_CKD_COLON
D29COLON	CGACGCTGAT	COLON	NAC	NL	NAC_NL_COLON
D31COLON	GATACACTGA	COLON	NAC	NL	NAC_NL_COLON
D32COLON	TACGTATAGC	COLON	NAC	NL	NAC_NL_COLON
D34COLON	CGATGACAGA	COLON	NAC	NL	NAC_NL_COLON
D35COLON	TACACAGTAG	COLON	NAC	NL	NAC_NL_COLON
D36COLON	ACGTCAGTAT	COLON	NAC	NL	NAC_NL_COLON
D43COLON	CTACGATCAG	COLON	NAC	CKD	NAC_CKD_COLON
D44COLON	GACTAGTCAG	COLON	NAC	CKD	NAC_CKD_COLON
D45COLON	CAGCTATAGC	COLON	NAC	CKD	NAC_CKD_COLON
D46COLON	GACTCATGCT	COLON	NAC	CKD	NAC_CKD_COLON
D47COLON	CACATACAGT	COLON	NAC	CKD	NAC_CKD_COLON
D48COLON	TCACAGCATA	COLON	NAC	CKD	NAC_CKD_COLON
D49COLON	GCACTAGACA	COLON	NAC	CKD	NAC_CKD_COLON
D50COLON	GATGACTACG	COLON	NAC	CKD	NAC_CKD_COLON
